Date,Open,High,Low,Close,Adj Close,Volume,change
2015-02-05,22.354,23.8118,21.702801,22.354,18.46678,182115,0.0
2015-02-06,22.354,22.49,21.868,22.354,18.46678,80316,0.0
2015-02-09,21.858299,22.354,21.858299,21.858299,18.05728,104949,-2.22
2015-02-10,21.858299,21.858299,21.858299,21.858299,18.05728,0,0.0
2015-02-11,21.7805,22.354,21.7708,21.7805,17.99301,107006,-0.36
2015-02-12,21.7805,21.7805,21.7805,21.7805,17.99301,0,0.0
2015-02-13,21.7805,21.7805,21.7805,21.7805,17.99301,0,0.0
2015-02-24,22.354,22.354,22.0721,22.354,18.46678,78196,2.63
2015-02-25,22.354,22.354,22.0721,22.354,18.46678,9260,0.0
2015-02-26,22.2568,22.441401000000003,22.2568,22.2568,18.386484,6173,-0.43
2015-03-02,22.2568,22.2568,22.2568,22.2568,18.386484,0,0.0
2015-03-03,22.839899,22.839899,22.839899,22.839899,18.868185,3087,2.62
2015-03-04,22.839899,22.839899,22.839899,22.839899,18.868185,0,0.0
2015-03-05,22.354,22.354,22.354,22.354,18.46678,2058,-2.13
2015-03-06,22.354,22.354,22.354,22.354,18.46678,0,0.0
2015-03-09,22.354,22.354,22.354,22.354,18.46678,0,0.0
2015-03-10,22.354,22.354,22.354,22.354,18.46678,0,0.0
2015-03-11,22.354,22.354,22.354,22.354,18.46678,0,0.0
2015-03-12,22.354,22.354,22.354,22.354,18.46678,0,0.0
2015-03-13,22.354,22.354,22.354,22.354,18.46678,0,0.0
2015-03-16,22.354,22.354,22.354,22.354,18.46678,0,0.0
2015-03-17,22.354,22.354,22.354,22.354,18.46678,0,0.0
2015-03-18,22.5483,22.839899,22.354,22.5483,18.627292999999998,6173,0.87
2015-03-19,22.5483,22.5483,22.5483,22.5483,18.627292999999998,0,0.0
2015-03-20,22.354,23.1315,22.354,22.354,18.46678,17491,-0.86
2015-03-23,22.354,22.354,22.354,22.354,18.46678,0,0.0
2015-03-24,23.228701,23.228701,22.839899,23.228701,19.189377,7205,3.91
2015-03-25,23.228701,23.228701,23.228701,23.228701,19.189377,0,0.0
2015-03-26,22.742701,23.0343,22.5483,22.742701,18.787886,18520,-2.09
2015-03-27,22.742701,22.742701,22.742701,22.742701,18.787886,0,0.0
2015-03-30,22.742701,22.742701,22.742701,22.742701,18.787886,0,0.0
2015-03-31,22.742701,22.742701,22.742701,22.742701,18.787886,0,0.0
2015-04-01,22.354,22.354,22.354,22.354,18.46678,1029,-1.71
2015-04-02,22.839899,22.839899,22.839899,22.839899,18.868185,1029,2.17
2015-04-07,22.839899,22.839899,22.839899,22.839899,18.868185,0,0.0
2015-04-08,22.354,22.354,22.1693,22.354,18.46678,6173,-2.13
2015-04-09,22.354,22.354,22.354,22.354,18.46678,0,0.0
2015-04-10,22.0721,22.0721,22.0721,22.0721,18.2339,3087,-1.26
2015-04-13,22.354,22.354,22.354,22.354,18.46678,144,1.28
2015-04-14,22.354,22.354,22.354,22.354,18.46678,0,0.0
2015-04-15,22.354,22.354,22.354,22.354,18.46678,0,0.0
2015-04-16,22.742701,23.112,22.159599,22.742701,18.787886,40129,1.74
2015-04-17,22.354,22.6455,22.354,22.354,18.46678,40127,-1.71
2015-04-20,22.4512,22.6455,22.4512,22.4512,18.547076999999998,10289,0.43
2015-04-21,22.354,22.4512,22.354,22.354,18.46678,10289,-0.43
2015-04-22,22.159599,22.354,22.159599,22.159599,18.306185,15434,-0.87
2015-04-23,22.159599,22.159599,22.159599,22.159599,18.306185,0,0.0
2015-04-24,22.4512,22.4512,22.4512,22.4512,18.547076999999998,2058,1.32
2015-04-27,22.4512,22.4512,22.4512,22.4512,18.547076999999998,3087,0.0
2015-04-28,22.441401000000003,22.4512,22.354,22.441401000000003,18.538982,14405,-0.04
2015-04-29,22.354,22.4512,22.2568,22.354,18.46678,19549,-0.39
2015-04-30,22.354,22.354,22.354,22.354,18.46678,0,0.0
2015-05-04,22.159599,22.354,22.159599,22.159599,18.306185,18520,-0.87
2015-05-05,22.2276,22.2568,22.159599,22.2276,18.36236,7202,0.31
2015-05-06,22.2276,22.2276,22.2276,22.2276,18.36236,0,0.0
2015-05-07,22.2082,22.2082,22.2082,22.2082,18.346335999999997,2058,-0.09
2015-05-08,22.2082,22.2082,22.2082,22.2082,18.346335999999997,0,0.0
2015-05-11,21.868,22.159599,21.868,21.868,18.065292000000003,8231,-1.53
2015-05-12,21.868,21.868,21.868,21.868,18.065292000000003,0,0.0
2015-05-13,21.868,21.868,21.868,21.868,18.065292000000003,0,0.0
2015-05-14,21.868,21.868,21.868,21.868,18.065292000000003,0,0.0
2015-05-15,21.382,21.382,21.246,21.382,17.663805,2058,-2.22
2015-05-18,21.382,21.382,21.382,21.382,17.663805,0,0.0
2015-05-19,22.159599,22.159599,22.159599,22.159599,18.306185,1029,3.64
2015-05-20,22.159599,22.159599,22.159599,22.159599,18.306185,0,0.0
2015-05-21,22.159599,22.159599,22.159599,22.159599,18.306185,0,0.0
2015-05-22,22.159599,22.159599,22.159599,22.159599,18.306185,0,0.0
2015-05-25,22.159599,22.159599,22.159599,22.159599,18.306185,1029,0.0
2015-05-26,21.868,21.868,21.868,21.868,18.065292000000003,1029,-1.32
2015-05-27,21.382,21.382,21.2363,21.382,17.663805,4116,-2.22
2015-05-28,21.382,21.382,21.382,21.382,17.663805,0,0.0
2015-05-29,21.382,21.382,21.382,21.382,17.663805,0,0.0
2015-06-01,21.382,21.382,21.382,21.382,17.663805,0,0.0
2015-06-02,21.0516,21.0516,21.0516,21.0516,17.390857999999998,1029,-1.55
2015-06-03,20.866899,20.866899,20.866899,20.866899,17.238277,2058,-0.88
2015-06-04,20.866899,20.866899,20.866899,20.866899,17.238277,0,0.0
2015-06-05,20.866899,20.866899,20.866899,20.866899,17.238277,0,0.0
2015-06-08,20.410101,20.410101,20.410101,20.410101,16.860914,2058,-2.19
2015-06-09,20.410101,20.410101,20.410101,20.410101,16.860914,0,0.0
2015-06-10,20.410101,20.410101,20.410101,20.410101,16.860914,0,0.0
2015-06-11,21.275101,21.275101,21.275101,21.275101,17.575495,1029,4.24
2015-06-12,21.275101,21.275101,21.275101,21.275101,17.575495,0,0.0
2015-06-15,21.275101,21.275101,21.275101,21.275101,17.575495,0,0.0
2015-06-16,20.410101,20.954399,20.410101,20.410101,16.860914,4116,-4.07
2015-06-17,20.896099,21.382,20.896099,20.896099,17.262398,10289,2.38
2015-06-18,21.382,21.382,21.382,21.382,17.663805,5145,2.33
2015-06-22,21.382,21.382,21.382,21.382,17.663805,0,0.0
2015-06-23,21.382,21.382,21.382,21.382,17.663805,0,0.0
2015-06-24,20.410101,20.410101,20.410101,20.410101,16.860914,1029,-4.55
2015-06-25,20.410101,20.410101,20.410101,20.410101,16.860914,0,0.0
2015-06-26,20.410101,20.410101,20.410101,20.410101,16.860914,0,0.0
2015-06-29,20.410101,20.410101,20.410101,20.410101,16.860914,0,0.0
2015-06-30,20.410101,20.410101,20.410101,20.410101,16.860914,0,0.0
2015-07-01,20.410101,20.410101,20.410101,20.410101,16.860914,0,0.0
2015-07-02,20.896099,20.896099,20.896099,20.896099,17.262398,1029,2.38
2015-07-03,20.896099,20.896099,20.896099,20.896099,17.262398,0,0.0
2015-07-06,20.410101,20.410101,20.410101,20.410101,16.860914,206,-2.33
2015-07-07,20.313,20.313,20.313,20.313,16.780699,5145,-0.48
2015-07-08,20.313,20.313,20.313,20.313,16.780699,0,0.0
2015-07-09,20.313,20.313,20.313,20.313,16.780699,0,0.0
2015-07-10,20.313,20.313,20.313,20.313,16.780699,0,0.0
2015-07-13,20.313,20.313,20.313,20.313,16.780699,0,0.0
2015-07-14,20.313,20.313,20.313,20.313,16.780699,0,0.0
2015-07-15,20.313,20.313,20.313,20.313,16.780699,0,0.0
2015-07-16,20.313,20.313,20.313,20.313,16.780699,0,0.0
2015-07-17,20.313,20.313,20.313,20.313,16.780699,0,0.0
2015-07-20,20.313,20.313,20.313,20.313,16.780699,0,0.0
2015-07-21,20.313,20.313,20.313,20.313,16.780699,0,0.0
2015-07-22,19.4382,19.4382,19.4382,19.4382,16.058020000000003,1029,-4.31
2015-07-23,19.4382,19.4382,19.4382,19.4382,16.058020000000003,0,0.0
2015-07-24,19.4382,19.4382,19.4382,19.4382,16.058020000000003,0,0.0
2015-07-27,19.4382,19.4382,19.4382,19.4382,16.058020000000003,0,0.0
2015-07-28,19.4382,19.4382,19.4382,19.4382,16.058020000000003,0,0.0
2015-07-29,19.4382,19.4382,19.4382,19.4382,16.058020000000003,0,0.0
2015-07-30,19.4382,19.4382,19.4382,19.4382,16.058020000000003,0,0.0
2015-07-31,19.4382,19.4382,19.4382,19.4382,16.058020000000003,0,0.0
2015-08-03,18.476,19.389601000000003,18.476,18.476,15.26314,17491,-4.95
2015-08-04,18.4566,18.466299,18.4566,18.4566,15.247114000000002,15434,-0.11
2015-08-05,18.4566,18.4566,18.4566,18.4566,15.247114000000002,0,0.0
2015-08-06,18.4566,18.4566,18.4566,18.4566,15.247114000000002,0,0.0
2015-08-07,18.4566,18.4566,18.4566,18.4566,15.247114000000002,0,0.0
2015-08-10,18.4566,18.4566,18.4566,18.4566,15.247114000000002,0,0.0
2015-08-11,17.3389,17.3389,17.3389,17.3389,14.323773000000001,1029,-6.06
2015-08-12,17.3389,17.4944,17.3389,17.3389,14.323773000000001,6173,0.0
2015-08-13,17.3389,17.3389,17.3389,17.3389,14.323773000000001,0,0.0
2015-08-14,17.299999,17.4944,17.270901000000002,17.299999,14.291638,25723,-0.22
2015-08-17,16.7169,16.7169,16.619699,16.7169,13.809937,10289,-3.37
2015-08-18,16.7169,16.7169,16.7169,16.7169,13.809937,0,0.0
2015-08-19,16.7169,16.7169,16.7169,16.7169,13.809937,0,0.0
2015-08-20,16.7169,16.7169,16.7169,16.7169,13.809937,0,0.0
2015-08-21,16.7169,16.7169,16.7169,16.7169,13.809937,0,0.0
2015-08-24,16.7169,16.7169,16.7169,16.7169,13.809937,0,0.0
2015-08-25,16.7169,16.7169,16.7169,16.7169,13.809937,0,0.0
2015-08-26,16.7169,16.7169,16.7169,16.7169,13.809937,0,0.0
2015-08-27,17.299999,17.299999,17.299999,17.299999,14.291638,1,3.49
2015-08-28,17.299999,17.299999,17.299999,17.299999,14.291638,0,0.0
2015-08-31,17.299999,17.299999,17.299999,17.299999,14.291638,0,0.0
2015-09-01,16.4739,16.522499,16.434998999999998,16.4739,13.609192000000002,28809,-4.78
2015-09-02,15.745,15.745,15.6964,15.745,13.007043,20578,-4.42
2015-09-03,15.745,15.745,15.745,15.745,13.007043,0,0.0
2015-09-04,15.745,15.745,15.745,15.745,13.007043,0,0.0
2015-09-07,14.9674,15.3562,14.7731,14.9674,12.364663,30867,-4.94
2015-09-08,14.9674,14.9674,14.9674,14.9674,12.364663,0,0.0
2015-09-09,14.9674,14.9674,14.9674,14.9674,12.364663,10289,0.0
2015-09-10,15.5506,15.5506,15.3562,15.5506,12.846449,2058,3.9
2015-09-11,15.5992,15.5992,15.5992,15.5992,12.886598,5145,0.31
2015-09-14,15.5992,15.5992,15.5992,15.5992,12.886598,0,0.0
2015-09-15,16.337799,16.337799,16.3281,16.337799,13.496757999999998,7202,4.73
2015-09-16,16.337799,16.337799,16.337799,16.337799,13.496757999999998,0,0.0
2015-09-17,16.337799,16.337799,16.337799,16.337799,13.496757999999998,0,0.0
2015-09-18,16.337799,16.337799,16.337799,16.337799,13.496757999999998,0,0.0
2015-09-21,16.337799,16.337799,16.337799,16.337799,13.496757999999998,0,0.0
2015-09-22,16.337799,16.337799,16.337799,16.337799,13.496757999999998,0,0.0
2015-09-23,17.3972,17.3972,17.387501,17.3972,14.371936999999999,15434,6.48
2015-09-24,17.4944,17.4944,17.4069,17.4944,14.452233999999999,15434,0.56
2015-09-25,17.3972,17.4361,17.299999,17.3972,14.371936999999999,41259,-0.56
2015-09-29,17.056101,17.056101,17.056101,17.056101,14.090152,0,-1.96
2015-09-30,17.0084,17.0084,16.8141,17.0084,14.050745999999998,10289,-0.28
2015-10-01,16.9025,16.9025,16.9025,16.9025,14.638281,3026,-0.62
2015-10-02,16.9025,16.9025,16.9025,16.9025,14.638281,0,0.0
2015-10-05,16.9025,16.9025,16.9025,16.9025,14.638281,0,0.0
2015-10-06,16.9025,16.9025,16.9025,16.9025,14.638281,0,0.0
2015-10-07,16.9025,16.9025,16.9025,16.9025,14.638281,0,0.0
2015-10-08,16.9025,16.9025,16.9025,16.9025,14.638281,0,0.0
2015-10-12,16.9025,16.9025,16.9025,16.9025,14.638281,0,0.0
2015-10-13,17.1504,17.1504,17.1504,17.1504,14.852973,15131,1.47
2015-10-14,17.1504,17.1504,17.1504,17.1504,14.852973,0,0.0
2015-10-15,17.943399,17.943399,17.943399,17.943399,15.539744,5044,4.62
2015-10-16,17.844299,17.844299,17.844299,17.844299,15.453919,5044,-0.55
2015-10-19,17.844299,17.844299,17.844299,17.844299,15.453919,0,0.0
2015-10-20,17.844299,17.844299,17.844299,17.844299,15.453919,0,0.0
2015-10-21,17.844299,17.844299,17.844299,17.844299,15.453919,0,0.0
2015-10-22,17.844299,17.844299,17.844299,17.844299,15.453919,0,0.0
2015-10-23,17.844299,17.844299,17.844299,17.844299,15.453919,0,0.0
2015-10-26,17.844299,17.844299,17.844299,17.844299,15.453919,0,0.0
2015-10-27,17.844299,17.844299,17.844299,17.844299,15.453919,0,0.0
2015-10-28,17.844299,17.844299,17.844299,17.844299,15.453919,0,0.0
2015-10-29,17.844299,17.844299,17.616301,17.844299,15.453919,11096,0.0
2015-10-30,17.844299,17.844299,17.844299,17.844299,15.453919,0,0.0
2015-11-02,17.844299,17.844299,17.844299,17.844299,15.453919,0,0.0
2015-11-03,17.844299,17.844299,17.844299,17.844299,15.453919,0,0.0
2015-11-04,17.844299,17.844299,17.844299,17.844299,15.453919,0,0.0
2015-11-05,17.844299,17.844299,17.844299,17.844299,15.453919,0,0.0
2015-11-06,17.844299,17.844299,17.844299,17.844299,15.453919,0,0.0
2015-11-09,17.844299,17.844299,17.844299,17.844299,15.453919,0,0.0
2015-11-10,18.1318,18.141701,18.1318,18.1318,15.702906,1009,1.61
2015-11-11,18.1318,18.1318,18.1318,18.1318,15.702906,0,0.0
2015-11-12,18.1318,18.1318,18.1318,18.1318,15.702906,0,0.0
2015-11-13,17.844299,18.141701,17.844299,17.844299,15.453919,47410,-1.59
2015-11-16,18.0525,18.141701,18.0525,18.0525,15.634229000000001,17290,1.17
2015-11-17,18.141701,18.141701,18.0525,18.141701,15.711481,4035,0.49
2015-11-18,18.141701,18.141701,18.141701,18.141701,15.711481,0,0.0
2015-11-19,18.141701,18.141701,18.141701,18.141701,15.711481,0,0.0
2015-11-20,18.141701,18.141701,18.141701,18.141701,15.711481,0,0.0
2015-11-23,18.141701,18.141701,18.141701,18.141701,15.711481,0,0.0
2015-11-24,20.223499,20.223499,18.34,20.223499,17.514408,18218,11.48
2015-11-25,20.3326,20.3326,20.3326,20.3326,17.608892,1009,0.54
2015-11-26,21.1752,21.1752,20.3326,21.1752,18.338621,6119,4.14
2015-11-27,20.867901,21.502399,20.064899,20.867901,18.072487,40833,-1.45
2015-11-30,20.629998999999998,20.7192,20.629998999999998,20.629998999999998,17.866455,6052,-1.14
2015-12-01,19.827,20.322701000000002,19.827,19.827,17.171022,7061,-3.89
2015-12-02,19.827,19.827,19.827,19.827,17.171022,0,0.0
2015-12-03,20.511,20.520901000000002,19.9261,20.511,17.763393,46603,3.45
2015-12-04,20.511,20.511,20.511,20.511,17.763393,0,0.0
2015-12-07,20.322701000000002,20.392098999999998,19.777399,20.322701000000002,17.600320999999997,31271,-0.92
2015-12-08,20.223499,20.4119,20.223499,20.223499,17.514408,49428,-0.49
2015-12-09,20.223499,20.223499,20.223499,20.223499,17.514408,0,0.0
2015-12-10,20.174,20.3127,20.174,20.174,17.471539,84733,-0.24
2015-12-11,19.9261,20.3127,19.9261,19.9261,17.256847,7061,-1.23
2015-12-14,19.8766,20.302799,19.8766,19.8766,17.21398,4035,-0.25
2015-12-15,19.8766,19.8766,19.8766,19.8766,17.21398,3026,0.0
2015-12-16,20.322701000000002,20.6201,19.9261,20.322701000000002,17.600320999999997,70611,2.24
2015-12-17,20.808398999999998,20.808398999999998,20.520901000000002,20.808398999999998,18.020955999999998,7061,2.39
2015-12-18,20.520901000000002,20.8183,20.4317,20.520901000000002,17.771971,27236,-1.38
2015-12-21,21.373501,21.7006,20.8183,21.373501,18.510357,14425,4.15
2015-12-22,21.373501,21.373501,21.373501,21.373501,18.510357,0,0.0
2015-12-23,21.373501,21.373501,21.373501,21.373501,18.510357,0,0.0
2015-12-24,21.313999,21.313999,21.313999,21.313999,18.458828,5145,-0.28
2015-12-25,21.313999,21.313999,21.313999,21.313999,18.458828,0,0.0
2015-12-28,20.8183,21.0166,20.8183,20.8183,18.029529999999998,14122,-2.33
2015-12-29,21.0166,21.0166,20.8183,21.0166,18.201267,16140,0.95
2015-12-30,21.313999,21.313999,21.0166,21.313999,18.458828,9080,1.42
2015-12-31,20.9175,20.9175,20.8183,20.9175,18.11544,7061,-1.86
2016-01-04,20.8183,20.8183,20.8183,20.8183,18.029529999999998,5044,-0.47
2016-01-05,21.0166,21.0166,21.0166,21.0166,18.201267,16140,0.95
2016-01-06,20.8183,21.313999,20.8183,20.8183,18.029529999999998,11096,-0.94
2016-01-07,20.8183,20.8183,20.8183,20.8183,18.029529999999998,3026,0.0
2016-01-08,21.3041,21.313999,21.3041,21.3041,18.450253,11096,2.33
2016-01-11,21.313999,21.611401,20.8283,21.313999,18.458828,11096,0.05
2016-01-12,21.313999,21.313999,21.313999,21.313999,18.458828,0,0.0
2016-01-13,20.9076,21.313999,20.8183,20.9076,18.106869,28244,-1.91
2016-01-14,20.322701000000002,20.5308,20.2533,20.322701000000002,17.600320999999997,18158,-2.8
2016-01-15,20.6201,20.7192,20.6201,20.6201,17.857879999999998,11096,1.46
2016-01-18,20.6201,20.6201,20.6201,20.6201,17.857879999999998,0,0.0
2016-01-19,20.6201,20.6201,20.6201,20.6201,17.857879999999998,0,0.0
2016-01-20,20.6201,20.6201,20.6201,20.6201,17.857879999999998,0,0.0
2016-01-21,20.6201,20.6201,20.6201,20.6201,17.857879999999998,0,0.0
2016-01-22,20.6201,20.6201,20.6201,20.6201,17.857879999999998,0,0.0
2016-01-25,20.6201,20.6696,20.322701000000002,20.6201,17.857879999999998,5044,0.0
2016-01-26,20.6201,20.6201,20.6201,20.6201,17.857879999999998,0,0.0
2016-01-27,20.6201,20.6201,20.6201,20.6201,17.857879999999998,0,0.0
2016-01-28,20.6201,20.6201,20.6201,20.6201,17.857879999999998,2017,0.0
2016-01-29,20.6201,20.6201,20.6201,20.6201,17.857879999999998,9079,0.0
2016-02-01,20.7589,20.7589,20.7589,20.7589,17.978085999999998,2,0.67
2016-02-02,20.7589,20.7589,20.7589,20.7589,17.978085999999998,0,0.0
2016-02-03,20.520901000000002,20.8183,19.836901,20.520901000000002,17.771971,24209,-1.15
2016-02-15,20.867901,20.9175,20.867901,20.867901,18.072487,22192,1.69
2016-02-16,21.8097,21.8097,20.867901,21.8097,18.888123999999998,2905,4.51
2016-02-17,21.799801000000002,21.799801000000002,21.1157,21.799801000000002,18.879553,7061,-0.05
2016-02-18,21.4132,21.8097,21.313999,21.4132,18.544739,74646,-1.77
2016-02-19,21.4132,21.4132,21.1157,21.4132,18.544739,10087,0.0
2016-02-22,21.5123,21.8097,21.214899,21.5123,18.630564,51445,0.46
2016-02-23,21.611401,21.611401,21.313999,21.611401,18.716389000000003,57497,0.46
2016-02-24,21.4627,21.551901,21.4627,21.4627,18.587608,8070,-0.69
2016-02-25,21.7106,21.7106,20.8183,21.7106,18.802301,54471,1.16
2016-02-26,22.6821,22.6821,21.4627,22.6821,19.64366,46403,4.47
2016-03-01,22.6028,23.148001,22.1071,22.6028,19.574984,63509,-0.35
2016-03-02,22.6523,22.7812,22.6523,22.6523,19.617851,24209,0.22
2016-03-03,22.503598999999998,22.642401,22.305401,22.503598999999998,19.489071,19166,-0.66
2016-03-04,22.305401,22.503598999999998,22.2062,22.305401,19.317421,34297,-0.88
2016-03-07,24.783701,28.6896,22.503598999999998,24.783701,21.463735999999997,170478,11.11
2016-03-08,24.783701,25.775101,24.704399,24.783701,21.463735999999997,59515,0.0
2016-03-09,23.3958,24.783701,22.5235,23.3958,20.261754999999997,114995,-5.6
2016-03-10,22.305401,23.2967,22.305401,22.305401,19.317421,48419,-4.66
2016-03-11,22.2062,22.801001,21.660999,22.2062,19.23151,30262,-0.44
2016-03-14,22.910101,23.9907,22.2062,22.910101,19.841117999999998,163414,3.17
2016-03-15,22.910101,23.0984,22.910101,22.910101,19.841117999999998,31271,0.0
2016-03-16,23.594101000000002,24.1394,23.2472,23.594101000000002,20.433491,87103,2.99
2016-03-17,24.7342,24.7342,23.6933,24.7342,21.420864,140411,4.83
2016-03-18,24.367399,24.972099,23.7924,24.367399,21.103201000000002,112776,-1.48
2016-03-21,23.594101000000002,24.7143,23.5445,23.594101000000002,20.433491,62541,-3.17
2016-03-22,20.8183,21.4132,20.025299,20.025299,17.342758,5069857,-15.13
2016-03-23,19.827,19.9261,18.8356,18.8356,16.312429,1936754,-5.94
2016-03-24,18.8356,19.232201,18.686899,19.133101,16.570073999999998,721239,1.58
2016-03-25,19.133101,19.2817,19.133101,19.232201,16.655901,304635,0.52
2016-03-28,19.331301,19.331301,18.934798999999998,18.934798999999998,16.398338,380290,-1.55
2016-03-29,18.934798999999998,18.934798999999998,18.34,18.4391,15.969042000000002,401473,-2.62
2016-03-30,18.34,18.34,18.0921,18.2904,15.840260999999998,305644,-0.81
2016-03-31,18.2904,18.2904,17.745199,17.943399,15.539744,377264,-1.9
2016-04-01,17.943399,18.141701,17.745199,18.141701,15.711481,194684,1.11
2016-04-06,17.8939,18.141701,17.844299,18.141701,15.711481,103899,0.0
2016-04-07,18.141701,18.934798999999998,17.943399,18.934798999999998,16.398338,444848,4.37
2016-04-08,18.934798999999998,18.934798999999998,18.3895,18.3895,15.926085,232007,-2.88
2016-04-11,18.3895,18.6374,18.34,18.488701000000002,16.011999,131134,0.54
2016-04-12,18.488701000000002,18.6374,18.488701000000002,18.488701000000002,16.011999,212841,0.0
2016-04-13,18.488701000000002,18.7365,18.488701000000002,18.6374,16.140778,159379,0.8
2016-04-14,18.8356,18.885201000000002,18.5382,18.7861,16.269560000000002,163414,0.8
2016-04-15,18.5382,18.8356,18.5382,18.7365,16.226603,137187,-0.26
2016-04-18,18.7365,19.331301,18.7365,19.033898999999998,16.484163,521511,1.59
2016-04-19,19.033898999999998,19.0835,18.6374,18.934798999999998,16.398338,216876,-0.52
2016-04-20,18.984301000000002,18.984301000000002,18.7365,18.7861,16.269560000000002,188632,-0.79
2016-04-21,18.7861,18.934798999999998,18.7861,18.885201000000002,16.355383,177536,0.53
2016-04-22,18.885201000000002,18.885201000000002,18.6374,18.7365,16.226603,66576,-0.79
2016-04-25,18.7365,18.7861,18.3895,18.3895,15.926085,161396,-1.85
2016-04-26,18.3895,18.5382,18.34,18.5382,16.054867,45393,0.81
2016-04-27,18.5382,19.1826,18.34,18.934798999999998,16.398338,569930,2.14
2016-04-28,19.232201,20.2731,19.232201,19.827,17.171022,1623040,4.71
2016-04-29,19.777399,19.827,19.232201,19.5296,16.913462,524538,-1.5
2016-05-03,19.5296,19.5296,18.7365,18.984301000000002,16.441208,275382,-2.79
2016-05-04,18.7861,18.7861,18.141701,18.686899,16.183647,347002,-1.57
2016-05-05,18.3895,18.587799,18.34,18.3895,15.926085,26227,-1.59
2016-05-06,18.34,18.587799,18.34,18.3895,15.926085,41358,0.0
2016-05-09,18.34,18.34,18.042601,18.042601,15.625656,153326,-1.89
2016-05-10,17.993,17.993,17.5965,17.943399,15.539744,227972,-0.55
2016-05-11,17.8939,17.8939,17.695601,17.695601,15.325139000000002,47410,-1.38
2016-05-12,17.695601,17.8939,17.4478,17.4478,15.110532999999998,135169,-1.4
2016-05-13,17.3486,17.5469,17.3486,17.5469,15.19636,61532,0.57
2016-05-16,17.646,17.794701,17.4478,17.5469,15.19636,32279,0.0
2016-05-17,17.745199,17.745199,17.5965,17.646,15.282182999999998,20175,0.56
2016-05-18,17.844299,17.844299,17.794701,17.794701,15.410965,21183,0.84
2016-05-19,17.794701,17.844299,17.745199,17.745199,15.368094000000001,26227,-0.28
2016-05-20,17.646,17.646,17.646,17.646,15.282182999999998,6052,-0.56
2016-05-23,18.191299,18.191299,17.794701,17.943399,15.539744,54471,1.69
2016-05-24,17.993,18.042601,17.8939,17.8939,15.496873999999998,48419,-0.28
2016-05-25,17.993,18.0921,17.844299,17.993,15.582701,203763,0.55
2016-05-26,18.0921,18.0921,17.497298999999998,17.695601,15.325139000000002,81707,-1.65
2016-05-27,18.191299,18.191299,17.745199,18.042601,15.625656,18157,1.96
2016-05-30,18.042601,18.042601,18.042601,18.042601,15.625656,0,0.0
2016-05-31,17.695601,17.695601,17.5965,17.646,15.282182999999998,25218,-2.2
2016-06-01,17.646,17.646,17.5965,17.646,15.282182999999998,20175,0.0
2016-06-02,17.497298999999998,17.646,17.4478,17.497298999999998,15.153401,31271,-0.84
2016-06-03,17.794701,17.943399,17.5469,17.5469,15.19636,30262,0.28
2016-06-06,17.497298999999998,17.646,17.497298999999998,17.5469,15.19636,19166,0.0
2016-06-07,17.5469,17.745199,17.5469,17.745199,15.368094000000001,122056,1.13
2016-06-08,17.745199,17.745199,17.646,17.695601,15.325139000000002,24209,-0.28
2016-06-13,17.5965,17.695601,17.4478,17.695601,15.325139000000002,19166,0.0
2016-06-14,17.646,17.646,17.4478,17.4478,15.110532999999998,23201,-1.4
2016-06-15,17.4478,17.497298999999998,17.2495,17.497298999999998,15.153401,51445,0.28
2016-06-16,17.4478,17.497298999999998,17.3486,17.3486,15.024623000000002,16140,-0.85
2016-06-17,17.398198999999998,17.398198999999998,17.398198999999998,17.398198999999998,15.067578,9079,0.29
2016-06-20,17.398198999999998,17.5469,17.3486,17.398198999999998,15.067578,16140,0.0
2016-06-21,17.398198999999998,17.646,17.3486,17.3486,15.024623000000002,23201,-0.29
2016-06-22,17.398198999999998,17.5965,17.398198999999998,17.5965,15.239314000000002,7061,1.43
2016-06-23,17.4478,17.497298999999998,17.4478,17.4478,15.110532999999998,48419,-0.85
2016-06-24,17.398198999999998,17.4478,17.3486,17.3486,15.024623000000002,45393,-0.57
2016-06-27,17.3486,17.4478,17.3486,17.398198999999998,15.067578,17148,0.29
2016-06-28,17.3486,17.398198999999998,17.3486,17.398198999999998,15.067578,1187271,0.0
2016-06-29,17.398198999999998,17.4478,17.398198999999998,17.4478,15.110532999999998,13113,0.29
2016-06-30,17.4478,17.5469,17.299,17.299,14.981667000000002,39340,-0.85
2016-07-01,17.3486,17.3486,17.1999,17.2495,14.938799,104908,-0.29
2016-07-04,17.1999,17.5469,17.1999,17.5469,15.19636,21183,1.72
2016-07-05,17.5469,17.5469,17.3486,17.3486,15.024623000000002,21183,-1.13
2016-07-06,17.3486,17.3486,17.2495,17.3486,15.024623000000002,8070,0.0
2016-07-07,17.3486,17.3486,17.1999,17.1999,14.895842000000002,20175,-0.86
2016-07-11,17.4478,17.4478,17.2495,17.2495,14.938799,13113,0.29
2016-07-12,17.5965,17.5965,17.2495,17.2495,14.938799,13113,0.0
2016-07-13,17.2495,17.3486,17.1999,17.2495,14.938799,10087,0.0
2016-07-14,17.2495,17.5469,17.2495,17.398198999999998,15.067578,178545,0.86
2016-07-15,17.4478,17.5469,17.3486,17.4478,15.110532999999998,38332,0.29
2016-07-18,17.4478,17.4478,17.299,17.299,14.981667000000002,20175,-0.85
2016-07-19,17.2495,17.2495,17.1504,17.1504,14.852973,25218,-0.86
2016-07-20,17.1999,17.3486,17.1999,17.3486,15.024623000000002,25218,1.16
2016-07-21,17.4478,17.5469,17.4478,17.4478,15.110532999999998,75654,0.57
2016-07-22,17.5469,17.745199,17.4478,17.497298999999998,15.153401,150300,0.28
2016-07-25,17.5469,17.5469,17.4478,17.4478,15.110532999999998,68593,-0.28
2016-07-26,17.4478,17.497298999999998,17.4478,17.4478,15.110532999999998,27236,0.0
2016-07-27,17.5469,17.5469,17.4478,17.4478,15.110532999999998,31271,0.0
2016-07-28,17.4478,17.695601,17.4478,17.5469,15.19636,55480,0.57
2016-07-29,17.5469,17.745199,17.5469,17.5965,15.239314000000002,56489,0.28
2016-08-01,17.646,17.794701,17.646,17.646,15.282182999999998,108942,0.28
2016-08-02,17.745199,17.844299,17.695601,17.745199,15.368094000000001,155344,0.56
2016-08-03,17.745199,17.844299,17.695601,17.695601,15.325139000000002,73637,-0.28
2016-08-04,17.844299,17.844299,17.745199,17.745199,15.368094000000001,68593,0.28
2016-08-05,17.745199,17.745199,17.646,17.646,15.282182999999998,187623,-0.56
2016-08-08,17.646,17.646,17.5469,17.5469,15.19636,95829,-0.56
2016-08-09,17.646,17.646,17.497298999999998,17.5469,15.19636,109951,0.0
2016-08-10,17.5469,17.5965,17.4478,17.4478,15.110532999999998,79689,-0.56
2016-08-11,17.4478,17.5965,17.4478,17.497298999999998,15.153401,119030,0.28
2016-08-12,17.5469,17.5469,17.497298999999998,17.5469,15.19636,61532,0.28
2016-08-15,17.497298999999998,17.5469,17.497298999999998,17.497298999999998,15.153401,49428,-0.28
2016-08-16,17.5469,17.5469,17.497298999999998,17.5469,15.19636,97846,0.28
2016-08-17,17.646,17.844299,17.4478,17.844299,15.453919,109951,1.69
2016-08-18,17.844299,17.844299,17.5965,17.745199,15.368094000000001,143239,-0.56
2016-08-19,17.844299,17.844299,17.497298999999998,17.497298999999998,15.153401,99864,-1.4
2016-08-22,17.497298999999998,17.497298999999998,17.3486,17.4478,15.110532999999998,107934,-0.28
2016-08-23,17.398198999999998,17.4478,17.398198999999998,17.4478,15.110532999999998,129117,0.0
2016-08-24,17.398198999999998,17.5469,17.051201000000002,17.5469,15.19636,135169,0.57
2016-08-25,17.4478,18.0921,17.4478,17.943399,15.539744,731326,2.26
2016-08-26,18.042601,19.1826,17.993,19.033898999999998,16.484163,997630,6.08
2016-08-29,19.4305,20.025299,19.4305,19.827,17.171022,1950876,4.17
2016-08-30,19.827,19.827,19.331301,19.5296,16.913462,561860,-1.5
2016-08-31,19.331301,19.5296,18.934798999999998,19.232201,16.655901,449892,-1.52
2016-09-01,18.7861,18.7861,18.587799,18.587799,16.616209,150300,-3.35
2016-09-02,18.191299,18.2904,17.4478,17.745199,15.862982,415595,-4.53
2016-09-05,17.5469,17.794701,17.5469,17.745199,15.862982,149291,0.0
2016-09-06,17.745199,17.993,17.646,17.943399,16.040160999999998,171483,1.12
2016-09-07,17.844299,18.042601,17.2495,17.943399,16.040160999999998,373229,0.0
2016-09-08,17.695601,18.042601,17.695601,17.794701,15.907232,119030,-0.83
2016-09-09,17.844299,17.844299,17.5965,17.5965,15.730056,135169,-1.11
2016-09-12,17.5469,17.646,17.4478,17.497298999999998,15.641376000000001,68593,-0.56
2016-09-13,17.497298999999998,17.646,17.497298999999998,17.5469,15.685717000000002,50436,0.28
2016-09-14,17.5469,17.5965,17.4478,17.5965,15.730056,71620,0.28
2016-09-19,17.5469,17.646,17.4478,17.646,15.774304,112977,0.28
2016-09-20,17.646,17.844299,17.646,17.844299,15.951571,45393,1.12
2016-09-21,17.646,18.0921,17.646,17.993,16.084498999999997,118021,0.83
2016-09-22,17.943399,17.993,17.844299,17.943399,16.040160999999998,66576,-0.28
2016-09-23,17.844299,17.8939,17.794701,17.844299,15.951571,73637,-0.55
2016-09-26,17.844299,18.191299,17.844299,18.141701,16.217427999999998,199728,1.67
2016-09-27,18.141701,18.141701,18.141701,18.141701,16.217427999999998,0,0.0
2016-09-28,18.141701,18.141701,18.141701,18.141701,16.217427999999998,0,0.0
2016-09-29,18.2904,18.6374,18.2904,18.488701000000002,16.527622,359106,1.91
2016-09-30,18.4391,18.934798999999998,18.4391,18.5382,16.571870999999998,323801,0.27
2016-10-03,18.8356,18.934798999999998,18.5382,18.5382,16.571870999999998,479145,0.0
2016-10-04,18.8356,19.2817,18.686899,19.133101,17.10367,802946,3.21
2016-10-05,19.232201,19.2817,18.587799,18.6374,16.660549,375246,-2.59
2016-10-06,18.5382,18.7861,18.4391,18.587799,16.616209,167449,-0.27
2016-10-07,18.5382,18.6374,18.488701000000002,18.488701000000002,16.527622,121047,-0.53
2016-10-11,18.4391,18.4391,17.943399,17.943399,16.040160999999998,259243,-2.95
2016-10-12,17.943399,18.141701,17.8939,17.993,16.084498999999997,166440,0.28
2016-10-13,17.993,18.042601,17.993,17.993,16.084498999999997,51445,0.0
2016-10-14,17.993,18.0921,17.943399,17.993,16.084498999999997,122056,0.0
2016-10-17,18.042601,18.141701,17.993,17.993,16.084498999999997,79689,0.0
2016-10-18,18.240801,18.2904,17.993,18.240801,16.306017,100873,1.38
2016-10-19,18.191299,18.488701000000002,18.042601,18.240801,16.306017,52454,0.0
2016-10-20,18.240801,18.686899,18.240801,18.488701000000002,16.527622,154335,1.36
2016-10-21,18.34,18.5382,18.2904,18.5382,16.571870999999998,71620,0.27
2016-10-24,18.5382,18.686899,18.5382,18.587799,16.616209,139204,0.27
2016-10-25,18.587799,18.587799,18.4391,18.5382,16.571870999999998,37323,-0.27
2016-10-26,18.587799,19.033898999999998,18.587799,19.033898999999998,17.01499,319766,2.67
2016-10-27,19.033898999999998,19.1826,18.934798999999998,19.033898999999998,17.01499,163414,0.0
2016-10-28,19.1826,19.1826,18.885201000000002,18.984301000000002,16.970654,106925,-0.26
2016-10-31,18.934798999999998,18.934798999999998,18.5382,18.934798999999998,16.926403,87759,-0.26
2016-11-01,18.8356,18.984301000000002,18.7365,18.885201000000002,16.882065,71620,-0.26
2016-11-02,18.8356,18.934798999999998,18.7365,18.934798999999998,16.926403,130126,0.26
2016-11-03,18.934798999999998,18.934798999999998,18.7861,18.885201000000002,16.882065,163414,-0.26
2016-11-04,18.7861,18.934798999999998,18.7861,18.7861,16.793476000000002,118021,-0.52
2016-11-07,18.885201000000002,19.033898999999998,18.885201000000002,18.934798999999998,16.926403,108942,0.79
2016-11-08,19.0835,19.0835,18.7861,18.934798999999998,16.926403,65567,0.0
2016-11-09,18.8356,19.033898999999998,18.3895,18.4391,16.483282,197710,-2.62
2016-11-10,18.934798999999998,19.1826,18.8356,18.934798999999998,16.926403,94820,2.69
2016-11-11,18.984301000000002,19.331301,18.984301000000002,19.033898999999998,17.01499,317749,0.52
2016-11-14,19.232201,19.5791,18.5382,19.5791,17.502363,424674,2.86
2016-11-15,19.827,21.5123,19.827,21.5123,19.230511,2222223,9.87
2016-11-16,22.057501000000002,22.801001,21.660999,21.7106,19.407778,3306604,0.92
2016-11-17,21.5123,22.801001,21.1653,22.801001,20.382519,2399759,5.02
2016-11-18,23.048901,23.5445,22.404498999999998,22.6523,20.249592,2659002,-0.65
2016-11-21,22.9002,22.9993,22.1071,22.3549,19.983735999999997,1778384,-1.31
2016-11-22,22.3549,22.5532,21.611401,21.7106,19.407778,1216524,-2.88
2016-11-23,21.958401000000002,23.841998999999998,21.958401000000002,22.057501000000002,19.717882,5649874,1.6
2016-11-24,22.2558,23.8915,22.2062,23.8915,21.357351,4778335,8.31
2016-11-25,24.288099,24.387199,23.2967,23.495001000000002,21.002907,3169417,-1.66
2016-11-28,23.7924,24.1394,23.4454,23.7924,21.268763,1456600,1.27
2016-11-29,24.0898,24.9324,23.7428,24.337601,21.756134,3906796,2.29
2016-11-30,24.4863,24.5359,23.7428,23.7924,21.268763,1646241,-2.24
2016-12-01,23.7924,23.9907,23.495001000000002,23.594101000000002,21.091497,819086,-0.83
2016-12-02,23.495001000000002,24.040198999999998,22.949699,23.048901,20.604124,1697686,-2.31
2016-12-05,23.197599,23.2967,23.048901,23.0984,20.648375,600192,0.21
2016-12-06,23.2967,23.6437,23.2967,23.3463,20.869979999999998,763606,1.07
2016-12-07,23.495001000000002,23.8915,23.197599,23.8915,21.357351,1002674,2.34
2016-12-08,24.288099,24.288099,23.5445,23.5445,21.047157000000002,1303274,-1.45
2016-12-09,23.6933,23.7924,23.5445,23.6933,21.180173999999997,367176,0.63
2016-12-12,23.8915,23.9907,23.3958,23.3958,20.91423,617340,-1.26
2016-12-13,23.6933,24.238501,23.495001000000002,23.8915,21.357351,1213497,2.12
2016-12-14,23.9907,24.0898,23.6437,23.6437,21.135835999999998,795885,-1.04
2016-12-15,23.5445,23.7428,23.2967,23.6933,21.180173999999997,456953,0.21
2016-12-16,23.841998999999998,23.841998999999998,23.3463,23.3463,20.869979999999998,344984,-1.46
2016-12-19,23.3463,23.3463,22.305401,22.503598999999998,20.116663,1123721,-3.61
2016-12-20,22.6028,22.6523,22.3549,22.404498999999998,20.028076000000002,252182,-0.44
2016-12-21,22.404498999999998,22.7019,22.007998999999998,22.007998999999998,19.673632,416604,-1.77
2016-12-22,21.958401000000002,22.1567,21.9088,21.958401000000002,19.629293,202754,-0.23
2016-12-23,22.1071,22.1071,21.660999,21.9088,19.584954999999997,263277,-0.23
2016-12-26,22.007998999999998,22.5532,22.007998999999998,22.4541,20.072414000000002,593131,2.49
2016-12-27,22.503598999999998,22.503598999999998,22.1071,22.1071,19.762220000000003,163414,-1.55
2016-12-28,22.007998999999998,22.3549,22.007998999999998,22.2062,19.850808999999998,132143,0.45
2016-12-29,22.2062,22.305401,22.007998999999998,22.007998999999998,19.673632,116003,-0.89
2016-12-30,22.1071,22.2558,22.057501000000002,22.1071,19.762220000000003,164422,0.45
2017-01-03,22.2062,22.2062,22.007998999999998,22.007998999999998,19.673632,167449,-0.45
2017-01-04,22.2558,22.2558,22.057501000000002,22.057501000000002,19.717882,88768,0.22
2017-01-05,22.2558,22.2558,22.1071,22.1071,19.762220000000003,119030,0.22
2017-01-06,23.0984,23.2472,22.751499,22.850599,20.426859,1207445,3.36
2017-01-09,23.197599,23.9907,22.9993,23.6437,21.135835999999998,641550,3.47
2017-01-10,23.7924,23.941098999999998,23.594101000000002,23.8915,21.357351,498311,1.05
2017-01-11,24.040198999999998,24.387199,23.8915,23.9907,21.446028,1581682,0.42
2017-01-12,24.1889,24.4368,23.841998999999998,23.941098999999998,21.40169,900792,-0.21
2017-01-13,23.8915,24.0898,23.7924,23.941098999999998,21.40169,590105,0.0
2017-01-16,24.040198999999998,24.0898,23.8915,23.941098999999998,21.40169,695012,0.0
2017-01-17,23.9907,23.9907,23.4454,23.4454,20.958569,487215,-2.07
2017-01-18,23.4454,23.594101000000002,23.3463,23.5445,21.047157000000002,195693,0.42
2017-01-19,23.594101000000002,23.6933,23.197599,23.2472,20.781391,320775,-1.26
2017-01-20,23.6933,24.0898,23.5445,24.040198999999998,21.490278,1243759,3.41
2017-01-23,24.040198999999998,24.7342,24.040198999999998,24.4368,21.84481,1845969,1.65
2017-01-24,24.4368,24.4863,23.941098999999998,24.288099,21.711884,991578,-0.61
2017-02-02,24.684601,26.1716,24.288099,25.775101,23.041161,3975389,6.12
2017-02-03,25.775101,26.469,25.428101,25.7255,22.99682,3069553,-0.19
2017-02-06,25.775101,27.2125,25.7255,26.964701,24.10458,2987846,4.82
2017-02-07,26.7169,27.51,26.7169,26.964701,24.10458,1386998,0.0
2017-02-08,26.865601,26.865601,26.122101,26.1716,23.395605,1534272,-2.94
2017-02-09,26.1716,26.221201,25.775101,25.775101,23.041161,801937,-1.51
2017-02-10,25.874201,26.3699,25.8246,25.8246,23.085409,523529,0.19
2017-02-13,26.0725,26.1716,25.7255,26.0725,23.307014000000002,808998,0.96
2017-02-14,26.2708,27.063801,26.122101,26.1716,23.395605,1549403,0.38
2017-02-15,26.3699,27.163,25.874201,27.163,24.281847,1807637,3.79
2017-02-16,27.6586,27.9561,26.667299,26.964701,24.10458,2363445,-0.73
2017-02-17,27.063801,27.063801,26.617701,26.7169,23.883064,550764,-0.92
2017-02-20,26.766399,26.964701,26.320299,26.320299,23.52853,543703,-1.48
2017-02-21,26.3699,26.568199,26.2708,26.469,23.661459,385333,0.56
2017-02-22,26.5186,26.816,26.3699,26.568199,23.750135,390377,0.37
2017-02-23,26.617701,26.617701,26.0725,26.221201,23.439943,515459,-1.31
2017-02-24,26.2708,27.3612,26.2708,26.667299,23.838724,1958946,1.7
2017-03-01,26.816,27.2621,26.667299,26.667299,23.838724,874565,0.0
2017-03-02,26.964701,26.964701,26.320299,26.667299,23.838724,456953,0.0
2017-03-03,26.667299,26.865601,26.568199,26.816,23.971651,404499,0.56
2017-03-06,26.9151,28.154301,26.9151,28.055201,25.079411999999998,2270642,4.62
2017-03-07,28.055201,28.5509,27.9561,28.055201,25.079411999999998,1719878,0.0
2017-03-08,28.7491,30.136999,28.3526,29.9387,26.763128000000002,7613864,6.71
2017-03-09,30.037901,30.6327,29.5422,29.740499,26.585953000000003,4387958,-0.66
2017-03-10,29.740499,30.0875,28.402201,29.244801000000002,26.142834,2025522,-1.67
2017-03-13,29.591801,30.3353,29.244801000000002,29.244801000000002,26.142834,1898422,0.0
2017-03-14,29.244801000000002,29.690901,28.997,29.393499,26.275759000000004,1105564,0.51
2017-03-15,29.5422,29.6413,29.244801000000002,29.393499,26.275759000000004,1073284,0.0
2017-03-16,29.294399,30.136999,29.294399,29.591801,26.453026,1070258,0.67
2017-03-17,29.740499,31.4753,29.6413,30.384899,27.162001,2870834,2.68
2017-03-20,30.434401,30.583099,30.0875,30.2362,27.029076,768649,-0.49
2017-03-21,30.682301000000002,30.682301000000002,29.690901,29.740499,26.585953000000003,1144904,-1.64
2017-03-22,29.5422,30.2362,29.492599,29.740499,26.585953000000003,1082363,0.0
2017-03-23,29.740499,30.384899,29.740499,29.8892,26.71888,749483,0.5
2017-03-24,30.1866,30.2362,29.9387,29.9387,26.763128000000002,409543,0.17
2017-03-27,30.037901,30.037901,29.492599,29.5422,26.408688,501337,-1.32
2017-03-28,29.5422,29.690901,28.154301,28.6996,25.65546,1141878,-2.85
2017-03-29,28.3526,28.7491,28.3526,28.501301,25.478193,410551,-0.69
2017-03-30,28.7491,28.7491,28.501301,28.65,25.61112,243103,0.52
2017-03-31,28.65,28.7491,28.402201,28.402201,25.389606,403490,-0.86
2017-04-05,28.5509,31.0292,28.4517,30.2857,27.073324,1449539,6.63
2017-04-06,30.2857,30.2857,29.6413,29.9387,26.763128000000002,398447,-1.15
2017-04-07,29.9387,29.9387,29.393499,29.4431,26.320096999999997,399455,-1.66
2017-04-10,29.8396,29.8396,29.244801000000002,29.294399,26.187170000000002,379281,-0.51
2017-04-11,29.8892,30.434401,29.046499,29.244801000000002,26.142834,900792,-0.17
2017-04-12,29.244801000000002,29.740499,29.046499,29.244801000000002,26.142834,402482,0.0
2017-04-13,29.1952,29.393499,29.046499,29.046499,25.965564999999998,228981,-0.68
2017-04-14,29.046499,29.046499,27.757799,27.757799,24.813554999999997,761588,-4.44
2017-04-17,27.9561,27.9561,27.2125,27.5595,24.63629,493267,-0.71
2017-04-18,27.9561,28.154301,27.856899,27.9561,24.990824,244112,1.44
2017-04-19,27.6586,27.6586,26.0725,26.221201,23.439943,1469714,-6.21
2017-04-20,25.775101,26.221201,25.6264,25.7255,22.99682,692995,-1.89
2017-04-21,25.9734,26.2708,25.9238,26.0229,23.262674,395421,1.16
2017-04-24,26.122101,26.469,26.0725,26.469,23.661459,321784,1.71
2017-04-25,26.568199,26.9151,26.5186,26.667299,23.838724,278408,0.75
2017-04-26,26.766399,26.964701,26.4195,26.667299,23.838724,298583,0.0
2017-04-27,26.5186,26.667299,26.4195,26.469,23.661459,177536,-0.74
2017-04-28,26.667299,26.766399,26.568199,26.667299,23.838724,138195,0.75
2017-05-02,26.766399,26.9151,26.667299,26.9151,24.060242000000002,269330,0.93
2017-05-03,26.9151,26.9151,26.667299,26.7169,23.883064,126091,-0.74
2017-05-04,26.667299,26.667299,26.2708,26.617701,23.794386,378272,-0.37
2017-05-05,26.469,26.469,25.7255,26.0229,23.262674,839260,-2.23
2017-05-08,25.9238,26.0229,25.775101,25.874201,23.129747000000002,344984,-0.57
2017-05-09,25.9238,25.9734,25.6264,25.6759,22.952479999999998,484188,-0.77
2017-05-10,25.6759,26.0229,25.6759,26.0229,23.262674,186614,1.35
2017-05-11,26.2708,26.9151,26.2708,26.667299,23.838724,364150,2.48
2017-05-12,26.865601,27.1134,26.7169,27.063801,24.193169,366168,1.49
2017-05-15,27.063801,27.410801,27.063801,27.163,24.281847,376255,0.37
2017-05-16,27.3612,27.51,27.2125,27.3612,24.459024,291522,0.73
2017-05-17,27.3612,27.4604,26.865601,26.964701,24.10458,148283,-1.45
2017-05-18,26.667299,26.766399,26.2708,26.469,23.661459,241086,-1.84
2017-05-19,26.667299,26.667299,26.3699,26.3699,23.572868,137187,-0.37
2017-05-22,26.3699,26.3699,26.0725,26.0725,23.307014000000002,237051,-1.13
2017-05-23,26.0725,26.122101,25.6264,25.7255,22.99682,494276,-1.33
2017-05-24,25.6264,26.1716,25.576798999999998,26.0725,23.307014000000002,274373,1.35
2017-05-25,26.0725,26.0725,25.6264,25.775101,23.041161,321784,-1.14
2017-05-26,25.6264,25.775101,25.6264,25.6759,22.952479999999998,236042,-0.38
2017-05-31,25.6759,25.6759,25.0811,25.1803,22.509449,313714,-1.93
2017-06-01,25.0811,25.2794,24.8829,25.2794,22.598038,429717,0.39
2017-06-02,25.2794,25.329,25.0811,25.130699,22.465108999999998,113986,-0.59
2017-06-05,25.576798999999998,25.576798999999998,25.2794,25.2794,22.598038,195693,0.59
2017-06-06,25.2794,25.329,25.1803,25.329,22.642378,105916,0.2
2017-06-07,25.5273,25.6264,25.329,25.477698999999998,22.775305,177536,0.59
2017-06-08,25.6264,25.6264,25.329,25.428101,22.730964999999998,118021,-0.19
2017-06-09,25.477698999999998,25.477698999999998,25.329,25.3785,22.686626,171483,-0.2
2017-06-12,25.3785,25.477698999999998,25.329,25.428101,22.730964999999998,130126,0.2
2017-06-13,25.2794,25.576798999999998,25.2794,25.2794,22.598038,215867,-0.58
2017-06-14,25.329,25.329,24.635,24.8829,22.243593,538660,-1.57
2017-06-15,24.783701,24.982,24.684601,24.9324,22.287844,57497,0.2
2017-06-16,24.783701,25.130699,24.783701,25.130699,22.465108999999998,75654,0.8
2017-06-19,25.130699,25.130699,24.8829,24.8829,22.243593,147274,-0.99
2017-06-20,24.982,25.130699,24.8829,24.9324,22.287844,93812,0.2
2017-06-21,24.783701,25.0811,24.7342,25.0811,22.420773,93812,0.6
2017-06-22,24.982,25.130699,24.8829,25.130699,22.465108999999998,117012,0.2
2017-06-23,25.0811,25.229799,25.031601000000002,25.1803,22.509449,168457,0.2
2017-06-26,25.2794,26.9151,25.2794,26.3699,23.572868,996621,4.72
2017-06-27,26.469,26.568199,26.0725,26.122101,23.351353,272356,-0.94
2017-06-28,26.667299,26.667299,25.9734,26.122101,23.351353,273365,0.0
2017-06-29,26.667299,27.51,26.4195,26.964701,24.10458,1398094,3.23
2017-06-30,27.163,27.163,26.766399,26.816,23.971651,396429,-0.55
2017-07-03,27.063801,28.055201,27.063801,27.3612,24.459024,862461,2.03
2017-07-04,27.757799,28.154301,27.311701,27.4604,24.547701,545721,0.36
2017-07-05,27.757799,27.757799,26.865601,27.163,24.281847,280426,-1.08
2017-07-06,27.163,27.311701,26.9151,27.2621,24.370434,292531,0.36
2017-07-07,26.964701,27.163,26.7169,26.816,23.971651,320775,-1.64
2017-07-10,26.766399,26.766399,26.3699,26.4195,23.61721,328845,-1.48
2017-07-11,26.617701,26.816,26.4195,26.469,23.661459,188632,0.19
2017-07-12,26.469,26.7169,26.469,26.5186,23.705797,192667,0.19
2017-07-13,26.568199,26.568199,26.3699,26.568199,23.750135,179553,0.19
2017-07-14,26.568199,26.816,26.568199,26.816,23.971651,332880,0.93
2017-07-17,26.964701,28.104799,26.964701,27.9065,24.946483999999998,2149595,4.07
2017-07-18,28.302999,28.3526,27.9561,28.302999,25.300928,2014426,1.42
2017-07-19,28.6996,28.848301,28.203899,28.2535,25.256678,3141173,-0.17
2017-07-20,28.65,28.65,27.856899,27.9561,24.990824,1784436,-1.05
2017-07-21,28.0056,28.0056,27.6091,27.9561,24.990824,1381955,0.0
2017-07-24,28.055201,28.104799,27.6586,27.6586,24.724878,1252838,-1.06
2017-07-25,27.6586,27.9561,27.6586,27.8074,24.857895000000003,1348667,0.54
2017-07-26,25.7255,25.874201,25.6264,25.6264,24.341839,2810311,-7.84
2017-07-27,25.6759,25.874201,25.6759,25.7255,24.43597,1194332,0.39
2017-07-28,25.775101,25.775101,25.428101,25.428101,24.153479,695012,-1.16
2017-07-31,25.5273,25.7255,25.477698999999998,25.6759,24.388857,539668,0.97
2017-08-01,25.874201,26.4195,25.874201,26.221201,24.906824,1530237,2.12
2017-08-02,26.2708,26.2708,25.3785,25.576798999999998,24.294724,914914,-2.46
2017-08-03,25.6759,25.874201,25.3785,25.428101,24.153479,833208,-0.58
2017-08-04,25.6264,25.6759,25.428101,25.5273,24.247705,546729,0.39
2017-08-07,25.576798999999998,25.6759,25.229799,25.329,24.059347,701065,-0.78
2017-08-08,25.3785,25.3785,24.9324,24.9324,23.682627,726283,-1.57
2017-08-09,24.982,25.2794,24.982,24.982,23.72974,473092,0.2
2017-08-10,25.0811,25.0811,23.841998999999998,23.9907,22.78813,1069250,-3.97
2017-08-11,23.9907,24.4863,23.7924,24.4368,23.211868,607253,1.86
2017-08-14,23.197599,23.6933,22.949699,23.2967,22.128918,1717860,-4.67
2017-08-15,23.4454,23.7924,23.4454,23.7428,22.552656,482171,1.91
2017-08-16,23.6933,23.7428,23.495001000000002,23.6437,22.458525,549756,-0.42
2017-08-17,23.7428,24.8829,23.7428,24.7342,23.49436,974429,4.61
2017-08-18,24.585501,24.8829,24.337601,24.8333,23.588493,259243,0.4
2017-08-21,24.8829,25.576798999999998,24.8333,25.576798999999998,24.294724,614314,2.99
2017-08-22,25.576798999999998,26.1716,25.5273,25.6759,24.388857,619571,0.39
2017-08-23,25.775101,25.874201,25.3785,25.428101,24.153479,437787,-0.97
2017-08-24,25.576798999999998,26.0725,25.576798999999998,25.775101,24.483086,826147,1.36
2017-08-25,25.9734,25.9734,25.576798999999998,25.576798999999998,24.294724,312705,-0.77
2017-08-28,25.576798999999998,26.0229,25.477698999999998,25.477698999999998,24.200592,435051,-0.39
2017-08-29,25.477698999999998,25.7255,25.477698999999998,25.6264,24.341839,419171,0.58
2017-08-30,25.7255,26.221201,25.7255,25.874201,24.577217,780956,0.97
2017-08-31,25.874201,26.0725,25.6264,25.8246,24.530104,228185,-0.19
2017-09-01,25.775101,25.775101,25.477698999999998,25.576798999999998,24.294724,268321,-0.96
2017-09-04,25.775101,25.775101,25.477698999999998,25.477698999999998,24.200592,301609,-0.39
2017-09-05,25.477698999999998,25.6759,25.428101,25.428101,24.153479,222424,-0.19
2017-09-06,25.428101,25.6759,25.229799,25.2794,24.012232,367483,-0.58
2017-09-07,25.5273,25.8246,25.5273,25.5273,24.247705,368185,0.98
2017-09-08,25.6759,25.6759,25.3785,25.5273,24.247705,160387,0.0
2017-09-11,25.576798999999998,25.576798999999998,25.329,25.3785,24.106365,205530,-0.58
2017-09-12,25.428101,25.428101,25.229799,25.2794,24.012232,146267,-0.39
2017-09-13,25.3785,25.576798999999998,25.2794,25.2794,24.012232,184597,0.0
2017-09-14,25.2794,25.2794,25.0811,25.130699,23.870985,261260,-0.59
2017-09-15,25.0811,25.130699,24.684601,24.7342,23.49436,332880,-1.58
2017-09-18,24.337601,24.684601,24.1394,24.337601,23.117641,643567,-1.6
2017-09-19,24.387199,24.635,24.288099,24.337601,23.117641,298044,0.0
2017-09-20,24.4368,24.4368,24.0898,24.0898,22.882263000000002,243932,-1.02
2017-09-21,23.9907,24.238501,23.9907,24.238501,23.02351,236042,0.62
2017-09-22,24.1394,24.288099,24.0898,24.1394,22.929377,238060,-0.41
2017-09-25,24.337601,26.0725,24.337601,25.775101,24.483086,1382512,6.78
2017-09-26,25.6759,26.469,25.6759,25.874201,24.577217,1189785,0.38
2017-09-27,25.8246,26.122101,25.775101,25.874201,24.577217,274429,0.0
2017-09-28,26.0725,27.163,26.0725,26.5186,25.189316,1771424,2.49
2017-09-29,26.964701,26.964701,25.775101,25.9238,24.624331,2239372,-2.24
2017-10-02,25.775101,26.0725,25.775101,25.874201,24.577217,363141,-0.19
2017-10-03,25.9734,25.9734,25.477698999999998,25.477698999999998,24.200592,264499,-1.53
2017-10-05,25.5273,25.5273,25.1803,25.477698999999998,24.200592,177536,0.0
2017-10-06,25.477698999999998,25.477698999999998,25.2794,25.3785,24.106365,80734,-0.39
2017-10-11,25.3785,25.428101,24.1889,24.783701,23.541382000000002,432799,-2.34
2017-10-12,24.585501,24.783701,24.4368,24.7342,23.49436,176527,-0.2
2017-10-13,24.585501,24.684601,24.387199,24.5359,23.306002,198906,-0.8
2017-10-16,24.5359,25.130699,24.5359,24.684601,23.447248000000002,162406,0.61
2017-10-17,24.982,24.982,24.7342,24.7342,23.49436,114040,0.2
2017-10-18,24.7342,24.783701,24.4863,24.585501,23.353115,95829,-0.6
2017-10-19,24.7342,24.783701,24.5359,24.5359,23.306002,61532,-0.2
2017-10-20,24.5359,24.635,24.387199,24.585501,23.353115,88768,0.2
2017-10-23,24.7342,24.783701,24.5359,24.5359,23.306002,96737,-0.2
2017-10-24,24.585501,26.0725,24.4368,25.6759,24.388857,863099,4.65
2017-10-25,25.775101,25.874201,24.9324,24.9324,23.682627,615404,-2.9
2017-10-26,24.9324,25.477698999999998,24.9324,25.130699,23.870985,219208,0.8
2017-10-27,25.031601000000002,25.2794,24.9324,24.982,23.72974,240077,-0.59
2017-10-30,24.982,25.2794,24.684601,24.684601,23.447248000000002,122056,-1.19
2017-10-31,24.684601,24.8829,24.585501,24.7342,23.49436,106935,0.2
2017-11-01,24.982,24.982,24.783701,24.8333,23.588493,209816,0.4
2017-11-02,25.1803,25.874201,25.1803,25.1803,23.9181,817098,1.4
2017-11-03,25.229799,25.329,25.1803,25.2794,24.012232,252282,0.39
2017-11-06,25.576798999999998,26.667299,25.576798999999998,25.9734,24.671444,1527109,2.75
2017-11-07,25.874201,25.9238,25.477698999999998,25.477698999999998,24.200592,517476,-1.91
2017-11-08,25.477698999999998,25.477698999999998,25.229799,25.2794,24.012232,192005,-0.78
2017-11-09,25.3785,25.5273,24.4863,24.783701,23.541382000000002,387034,-1.96
2017-11-10,24.684601,24.8829,24.4368,24.783701,23.541382000000002,170643,0.0
2017-11-13,24.4863,24.684601,24.288099,24.4368,23.211868,649620,-1.4
2017-11-14,24.4368,24.4863,24.238501,24.337601,23.117641,240077,-0.41
2017-11-15,24.238501,24.387199,24.0898,24.288099,23.070621,250164,-0.2
2017-11-16,24.1889,24.9324,24.1889,24.783701,23.541382000000002,317749,2.04
2017-11-17,24.783701,24.8829,24.585501,24.684601,23.447248000000002,95246,-0.4
2017-11-20,24.684601,24.684601,24.4863,24.4863,23.258885999999997,89777,-0.8
2017-11-21,24.585501,24.585501,24.288099,24.337601,23.117641,179665,-0.61
2017-11-22,24.387199,24.387199,24.288099,24.387199,23.164755,340949,0.2
2017-11-23,24.288099,24.387199,24.238501,24.387199,23.164755,221930,0.0
2017-11-24,24.1889,24.4368,24.1889,24.337601,23.117641,99864,-0.2
2017-11-27,24.4863,24.684601,24.4863,24.585501,23.353115,208806,1.02
2017-11-28,24.684601,24.684601,24.387199,24.387199,23.164755,206912,-0.81
2017-11-29,24.387199,24.4368,23.841998999999998,24.288099,23.070621,222928,-0.41
2017-11-30,24.1889,24.238501,23.9907,24.0898,22.882263000000002,219902,-0.82
2017-12-01,24.040198999999998,24.387199,23.9907,24.288099,23.070621,162405,0.82
2017-12-04,24.1889,24.4863,24.1889,24.387199,23.164755,74646,0.41
2017-12-05,24.5359,24.5359,24.0898,24.337601,23.117641,113986,-0.2
2017-12-06,24.238501,24.4368,23.6437,24.288099,23.070621,274373,-0.2
2017-12-07,24.288099,24.288099,23.7924,23.841998999999998,22.646883,178656,-1.84
2017-12-08,23.8915,24.1889,23.7924,23.8915,22.693903,76663,0.21
2017-12-11,24.0898,24.1889,23.8915,23.9907,22.78813,69602,0.42
2017-12-12,24.040198999999998,24.1889,24.040198999999998,24.0898,22.882263000000002,108046,0.41
2017-12-13,24.0898,24.9324,24.0898,24.585501,23.353115,296565,2.06
2017-12-14,24.585501,24.635,24.288099,24.288099,23.070621,110960,-1.21
2017-12-15,24.288099,24.4863,24.0898,24.1889,22.976395,90785,-0.41
2017-12-18,24.1889,24.8829,24.1889,24.4863,23.258885999999997,310689,1.23
2017-12-19,24.585501,24.585501,24.288099,24.288099,23.070621,91794,-0.81
2017-12-20,24.288099,24.387199,24.238501,24.288099,23.070621,42366,0.0
2017-12-21,24.387199,24.4863,24.288099,24.387199,23.164755,83785,0.41
2017-12-22,24.387199,24.5359,24.337601,24.5359,23.306002,59739,0.61
2017-12-25,24.288099,24.635,24.288099,24.387199,23.164755,51871,-0.61
2017-12-26,24.4368,24.5359,24.1889,24.238501,23.02351,101881,-0.61
2017-12-27,24.238501,24.4863,24.0898,24.0898,22.882263000000002,122056,-0.61
2017-12-28,24.337601,24.337601,24.0898,24.1889,22.976395,140213,0.41
2017-12-29,24.288099,24.337601,24.238501,24.337601,23.117641,227009,0.61
2018-01-02,24.4863,24.7342,24.4863,24.4863,23.258885999999997,199728,0.61
2018-01-03,24.4368,24.4863,24.0898,24.1889,22.976395,303659,-1.21
2018-01-04,24.1889,24.4368,24.1889,24.238501,23.02351,95829,0.21
2018-01-05,24.4368,24.585501,24.1889,24.4368,23.211868,192667,0.82
2018-01-08,24.4368,25.477698999999998,24.4368,24.783701,23.541382000000002,704415,1.42
2018-01-09,24.783701,25.031601000000002,24.4368,24.635,23.400133,167450,-0.6
2018-01-10,24.783701,24.982,24.684601,24.8829,23.635607,224946,1.01
2018-01-11,24.982,25.0811,24.783701,24.8333,23.588493,229031,-0.2
2018-01-12,24.8829,25.477698999999998,24.8829,24.8829,23.635607,484401,0.2
2018-01-15,24.982,25.775101,24.982,25.1803,23.9181,541787,1.2
2018-01-16,25.1803,25.477698999999998,25.031601000000002,25.2794,24.012232,250220,0.39
2018-01-17,25.2794,25.2794,25.031601000000002,25.130699,23.870985,124073,-0.59
2018-01-18,25.1803,25.229799,24.8333,24.8829,23.635607,154521,-0.99
2018-01-19,25.0811,25.775101,24.8829,25.0811,23.823874,251233,0.8
2018-01-22,25.0811,25.130699,24.8829,25.031601000000002,23.776854999999998,145312,-0.2
2018-01-23,25.0811,25.0811,24.783701,24.783701,23.541382000000002,177536,-0.99
2018-01-24,24.783701,25.031601000000002,24.585501,24.585501,23.353115,237051,-0.8
2018-01-25,24.8829,24.9324,24.635,24.783701,23.541382000000002,214959,0.81
2018-01-26,24.783701,24.8829,24.635,24.635,23.400133,76824,-0.6
2018-01-29,24.635,24.783701,24.635,24.7342,23.49436,118022,0.4
2018-01-30,24.783701,24.783701,24.585501,24.585501,23.353115,101882,-0.6
2018-01-31,24.585501,24.585501,24.387199,24.585501,23.353115,127155,0.0
2018-02-01,24.783701,24.8333,24.5359,24.684601,23.447248000000002,102971,0.4
2018-02-02,24.9324,25.0811,24.783701,24.783701,23.541382000000002,111969,0.4
2018-02-05,24.684601,24.684601,24.288099,24.585501,23.353115,228981,-0.8
2018-02-06,24.238501,24.387199,23.197599,23.594101000000002,22.411410999999998,517476,-4.03
2018-02-07,23.8915,23.8915,23.6437,23.6437,22.458525,162405,0.21
2018-02-08,23.6437,23.6933,23.3958,23.3958,22.223051,137187,-1.05
2018-02-09,23.197599,23.197599,22.6028,23.048901,21.893539,243103,-1.48
2018-02-12,23.048901,23.3958,23.048901,23.3958,22.223051,152318,1.51
2018-02-21,23.6437,24.0898,23.3958,23.8915,22.693903,165431,2.12
2018-02-22,23.8915,23.8915,23.594101000000002,23.6437,22.458525,148283,-1.04
2018-02-23,23.7924,24.1889,23.7428,23.941098999999998,22.741016000000002,125082,1.26
2018-02-26,23.9907,24.040198999999998,23.7924,23.7924,22.599771,52454,-0.62
2018-02-27,23.9907,23.9907,23.6933,23.6933,22.505638,44496,-0.42
2018-03-01,23.7924,23.9907,23.7924,23.7924,22.599771,242094,0.42
2018-03-02,23.7924,23.7924,23.594101000000002,23.6437,22.458525,86963,-0.62
2018-03-05,23.6437,23.6437,23.4454,23.594101000000002,22.411410999999998,105935,-0.21
2018-03-06,23.594101000000002,23.7428,23.5445,23.5445,22.364298,88768,-0.21
2018-03-07,23.5445,23.6437,23.495001000000002,23.495001000000002,22.317277999999998,33288,-0.21
2018-03-08,23.495001000000002,23.594101000000002,23.495001000000002,23.5445,22.364298,74948,0.21
2018-03-09,23.6933,23.6933,23.495001000000002,23.594101000000002,22.411410999999998,15185,0.21
2018-03-12,23.6437,23.6437,23.3958,23.6437,22.458525,224078,0.21
2018-03-13,23.6437,23.6437,23.495001000000002,23.594101000000002,22.411410999999998,24223,-0.21
2018-03-14,23.7924,23.7924,23.594101000000002,23.594101000000002,22.411410999999998,53462,0.0
2018-03-15,23.7924,23.7924,23.6437,23.7428,22.552656,105916,0.63
2018-03-16,23.7924,23.9907,23.6437,23.9907,22.78813,87759,1.04
2018-03-19,23.8915,23.941098999999998,23.6933,23.941098999999998,22.741016000000002,54471,-0.21
2018-03-20,23.941098999999998,23.9907,23.7924,23.9907,22.78813,76673,0.21
2018-03-21,24.1889,24.337601,23.8915,23.941098999999998,22.741016000000002,298695,-0.21
2018-03-22,24.0898,24.0898,23.8915,23.9907,22.78813,120039,0.21
2018-03-23,23.495001000000002,23.7924,23.4454,23.495001000000002,22.317277999999998,255208,-2.07
2018-03-26,23.6437,23.6933,23.594101000000002,23.594101000000002,22.411410999999998,99864,0.42
2018-03-27,23.7924,23.8915,23.7428,23.7924,22.599771,101354,0.84
2018-03-28,23.6933,23.7924,23.5445,23.6933,22.505638,69602,-0.42
2018-03-29,23.7924,23.841998999999998,23.7428,23.7428,22.552656,96182,0.21
2018-03-30,23.841998999999998,24.0898,23.7924,24.040198999999998,22.835148,186104,1.25
2018-04-02,24.238501,24.238501,24.040198999999998,24.1889,22.976395,112977,0.62
2018-04-03,24.0898,24.238501,23.9907,24.238501,23.02351,183588,0.21
2018-04-09,24.1889,24.1889,24.040198999999998,24.0898,22.882263000000002,66789,-0.61
2018-04-10,24.238501,24.238501,23.8915,24.0898,22.882263000000002,163668,0.0
2018-04-11,24.0898,24.1394,23.941098999999998,23.9907,22.78813,58890,-0.41
2018-04-12,23.9907,24.1394,23.9907,24.1394,22.929377,25440,0.62
2018-04-13,24.1394,24.1394,24.040198999999998,24.0898,22.882263000000002,48419,-0.21
2018-04-16,24.1394,24.1394,23.9907,24.040198999999998,22.835148,39399,-0.21
2018-04-17,23.9907,24.040198999999998,23.941098999999998,23.9907,22.78813,64558,-0.21
2018-04-18,24.040198999999998,24.040198999999998,23.8915,24.040198999999998,22.835148,86963,0.21
2018-04-19,24.1889,25.2794,24.1889,24.783701,23.541382000000002,667020,3.09
2018-04-20,24.9324,24.9324,24.585501,24.585501,23.353115,169466,-0.8
2018-04-23,24.783701,25.130699,24.585501,24.585501,23.353115,200736,0.0
2018-04-24,24.585501,24.585501,24.1889,24.1889,22.976395,200736,-1.61
2018-04-25,23.7924,24.387199,23.7924,24.387199,23.164755,79689,0.82
2018-04-26,24.337601,24.387199,23.9907,23.9907,22.78813,110000,-1.63
2018-04-27,24.0898,24.0898,23.6437,23.9907,22.78813,187623,0.0
2018-04-30,24.0898,24.1889,23.841998999999998,23.9907,22.78813,62541,0.0
2018-05-02,23.9907,24.040198999999998,23.9907,24.040198999999998,22.835148,41358,0.21
2018-05-03,23.9907,24.040198999999998,23.8915,24.040198999999998,22.835148,54471,0.0
2018-05-04,24.1889,24.238501,24.1889,24.1889,22.976395,63550,0.62
2018-05-07,24.1889,24.1889,24.040198999999998,24.040198999999998,22.835148,34297,-0.61
2018-05-08,24.1889,24.387199,24.1394,24.238501,23.02351,43375,0.82
2018-05-09,24.387199,25.2794,24.387199,24.9324,23.682627,318757,2.86
2018-05-10,25.1803,25.9734,24.9324,25.3785,24.106365,252182,1.79
2018-05-11,25.3785,25.3785,24.982,25.2794,24.012232,108942,-0.39
2018-05-14,25.2794,25.2794,24.8333,25.2794,24.012232,148283,0.0
2018-05-15,24.8829,24.8829,24.288099,24.585501,23.353115,446866,-2.74
2018-05-16,24.387199,24.387199,24.1394,24.387199,23.164755,111969,-0.81
2018-05-17,24.387199,24.4863,24.337601,24.337601,23.117641,68593,-0.2
2018-05-18,24.387199,24.5359,24.337601,24.387199,23.164755,84907,0.2
2018-05-21,24.4863,24.4863,24.4368,24.4368,23.211868,31271,0.2
2018-05-22,24.4368,24.585501,24.387199,24.4368,23.211868,46401,0.0
2018-05-23,24.635,24.635,24.337601,24.4863,23.258885999999997,55480,0.2
2018-05-24,24.5359,24.585501,24.288099,24.288099,23.070621,94820,-0.81
2018-05-25,24.387199,24.387199,24.337601,24.337601,23.117641,25218,0.2
2018-05-28,24.387199,24.635,24.337601,24.585501,23.353115,100898,1.02
2018-05-29,24.585501,24.585501,24.288099,24.337601,23.117641,43385,-1.01
2018-05-30,24.1889,24.337601,24.1394,24.337601,23.117641,42366,0.0
2018-05-31,24.337601,24.5359,24.238501,24.387199,23.164755,54471,0.2
2018-06-01,24.5359,24.585501,24.288099,24.4863,23.258885999999997,168457,0.41
2018-06-04,24.585501,25.576798999999998,24.4863,25.0811,23.823874,336914,2.43
2018-06-05,25.2794,25.2794,24.4863,24.982,23.72974,269330,-0.4
2018-06-06,24.5359,25.0811,24.337601,24.7342,23.49436,276391,-0.99
2018-06-07,24.8829,24.8829,24.387199,24.4368,23.211868,229006,-1.2
2018-06-08,24.387199,24.7342,24.387199,24.7342,23.49436,80698,1.22
2018-06-11,24.7342,24.982,24.684601,24.684601,23.447248000000002,1394059,-0.2
2018-06-12,24.8829,24.8829,24.684601,24.684601,23.447248000000002,40349,0.0
2018-06-13,24.585501,24.635,24.4863,24.5359,23.306002,61532,-0.6
2018-06-14,24.5359,24.585501,24.337601,24.4368,23.211868,128108,-0.4
2018-06-15,24.4368,24.4863,24.387199,24.4863,23.258885999999997,57497,0.2
2018-06-19,24.4863,24.4863,24.1889,24.1889,22.976395,109155,-1.21
2018-06-20,24.238501,24.288099,24.0898,24.238501,23.02351,60524,0.21
2018-06-21,24.387199,24.387199,24.1394,24.1394,22.929377,53462,-0.41
2018-06-22,24.0898,24.387199,24.0898,24.337601,23.117641,162405,0.82
2018-06-25,24.585501,24.585501,24.238501,24.387199,23.164755,163514,0.2
2018-06-26,24.238501,24.387199,24.238501,24.288099,23.070621,67807,-0.41
2018-06-27,23.9907,24.387199,23.3958,24.387199,23.164755,84307,0.41
2018-06-28,24.1889,24.585501,24.0898,24.387199,23.164755,67753,0.0
2018-06-29,24.4863,24.4863,24.1889,24.4863,23.258885999999997,81707,0.41
2018-07-02,24.337601,24.684601,24.1889,24.684601,23.447248000000002,129172,0.81
2018-07-03,24.684601,24.684601,24.0898,24.387199,23.164755,135225,-1.2
2018-07-04,24.0898,24.387199,23.7924,24.387199,23.164755,155344,0.0
2018-07-05,24.387199,24.387199,24.040198999999998,24.1889,22.976395,53463,-0.81
2018-07-06,24.1889,24.1889,23.9907,24.0898,22.882263000000002,104908,-0.41
2018-07-09,24.0898,24.0898,23.8915,24.040198999999998,22.835148,48631,-0.21
2018-07-10,24.040198999999998,24.238501,23.841998999999998,23.941098999999998,22.741016000000002,114072,-0.41
2018-07-11,23.941098999999998,24.1889,23.841998999999998,23.841998999999998,22.646883,113063,-0.41
2018-07-12,23.9907,24.1394,23.8915,23.8915,22.693903,76663,0.21
2018-07-13,23.941098999999998,23.941098999999998,23.6933,23.7924,22.599771,142230,-0.41
2018-07-16,23.841998999999998,23.9907,23.7924,23.8915,22.693903,119281,0.42
2018-07-17,23.8915,24.1394,23.7924,23.8915,22.693903,145408,0.0
2018-07-18,24.040198999999998,24.040198999999998,23.8915,23.8915,22.693903,117023,0.0
2018-07-19,24.040198999999998,24.040198999999998,23.941098999999998,23.9907,22.78813,82846,0.42
2018-07-20,24.040198999999998,24.040198999999998,23.8915,23.8915,22.693903,114995,-0.41
2018-07-23,23.8915,24.040198999999998,23.7428,23.7924,22.599771,645585,-0.41
2018-07-24,22.404498999999998,22.7019,22.305401,22.5532,22.5532,336914,-5.21
2018-07-25,22.6028,22.6028,22.4541,22.5532,22.5532,212900,0.0
2018-07-26,22.6523,22.7019,22.6028,22.6028,22.6028,74646,0.22
2018-07-27,22.6028,22.6028,22.503598999999998,22.6028,22.6028,130126,0.0
2018-07-30,22.801001,22.801001,22.751499,22.801001,22.801001,42881,0.88
2018-07-31,22.850599,22.850599,22.6523,22.801001,22.801001,25218,0.0
2018-08-01,22.7019,22.751499,22.6523,22.7019,22.7019,35780,-0.43
2018-08-02,22.4541,22.7019,22.4541,22.7019,22.7019,63552,0.0
2018-08-03,22.6028,22.850599,22.6028,22.751499,22.751499,52454,0.22
2018-08-06,22.751499,22.801001,22.6028,22.801001,22.801001,71754,0.22
2018-08-07,22.801001,22.801001,22.404498999999998,22.7019,22.7019,160006,-0.43
2018-08-08,22.7019,22.801001,22.6028,22.7019,22.7019,110960,0.0
2018-08-09,22.751499,22.751499,22.503598999999998,22.7019,22.7019,85742,0.0
2018-08-10,22.6028,22.6523,22.5532,22.6028,22.6028,58506,-0.44
2018-08-13,22.5532,22.5532,21.8097,22.1071,22.1071,209815,-2.19
2018-08-14,22.1071,22.2558,21.958401000000002,22.2062,22.2062,76663,0.45
2018-08-15,22.2062,22.2062,21.5123,22.1071,22.1071,132143,-0.45
2018-08-16,21.9088,22.1567,21.859301000000002,22.1071,22.1071,36314,0.0
2018-08-17,22.1071,22.2062,21.9088,22.057501000000002,22.057501000000002,47410,-0.22
2018-08-20,22.057501000000002,22.3549,21.8097,22.3549,22.3549,222021,1.35
2018-08-21,22.3549,22.6523,22.2062,22.6523,22.6523,164422,1.33
2018-08-22,22.6028,23.048901,22.6028,23.048901,23.048901,471075,1.75
2018-08-23,22.9993,23.4454,22.9993,23.4454,23.4454,505372,1.72
2018-08-24,23.3958,23.594101000000002,23.197599,23.5445,23.5445,306654,0.42
2018-08-27,23.2472,23.6933,23.148001,23.6437,23.6437,419630,0.42
2018-08-28,23.594101000000002,23.6933,23.0984,23.6933,23.6933,820094,0.21
2018-08-29,23.6933,23.6933,23.2472,23.594101000000002,23.594101000000002,181656,-0.42
2018-08-30,23.594101000000002,23.6437,23.2472,23.4454,23.4454,146265,-0.63
2018-08-31,23.4454,23.7924,23.148001,23.7924,23.7924,343976,1.48
2018-09-03,23.6437,23.7428,23.495001000000002,23.6933,23.6933,308791,-0.42
2018-09-04,23.6933,23.7428,23.2967,23.6933,23.6933,260251,0.0
2018-09-05,23.700001,23.75,23.5,23.75,23.75,270000,0.24
2018-09-06,25.0,25.450001,24.4,24.4,24.4,1499200,2.74
2018-09-07,24.65,24.65,23.85,23.85,23.85,619200,-2.25
2018-09-10,24.0,24.049999,23.5,23.5,23.5,338055,-1.47
2018-09-11,23.450001,23.450001,23.1,23.25,23.25,154055,-1.06
2018-09-12,23.25,23.35,22.9,22.950001,22.950001,242000,-1.29
2018-09-13,22.950001,23.200001,22.85,22.85,22.85,126963,-0.44
2018-09-14,22.85,22.85,22.549999,22.700001,22.700001,134111,-0.66
2018-09-17,22.700001,23.0,22.549999,22.85,22.85,192110,0.66
2018-09-18,22.85,22.85,22.65,22.700001,22.700001,93111,-0.66
2018-09-19,22.799999,22.799999,22.450001,22.450001,22.450001,542000,-1.1
2018-09-20,22.5,22.5,21.799999,21.85,21.85,415001,-2.67
2018-09-21,22.1,22.200001,21.75,22.0,22.0,277559,0.69
2018-09-25,22.1,23.799999,22.0,23.75,23.75,861002,7.95
2018-09-26,24.15,25.5,23.85,23.85,23.85,3947861,0.42
2018-09-27,23.700001,23.700001,23.0,23.299999,23.299999,696000,-2.31
2018-09-28,24.0,24.35,23.5,23.700001,23.700001,1239791,1.72
2018-10-01,23.700001,24.200001,23.65,24.049999,24.049999,658690,1.48
2018-10-02,24.1,24.950001,24.1,24.549999,24.549999,1736793,2.08
2018-10-03,25.049999,25.200001,24.6,24.75,24.75,1520170,0.81
2018-10-04,24.9,25.0,24.5,24.85,24.85,1104172,0.4
2018-10-05,24.9,24.950001,24.25,24.549999,24.549999,808979,-1.21
